USE learning_hub_4280;

/*
For creating users execute in terminal database/createUsers.sh
insert into USERS (id, full_name, username, is_active) values ('user6@lh.com', 'Patsy Andriuzzi', 'user6', 1);
insert into USERS (id, full_name, username, is_active) values ('user7@lh.com', 'Brigitta Turbayne', 'user7', 1);
insert into USERS (id, full_name, username, is_active) values ('user8@lh.com', 'Margarethe Commings', 'user8', 1);
insert into USERS (id, full_name, username, is_active) values ('user9@lh.com', 'Zacharie Wagge', 'user9', 1);
insert into USERS (id, full_name, username, is_active) values ('user10@lh.com', 'Genia Widdocks', 'user10', 1);*/

insert into CATEGORIES (category_id, category) values (1, 'Computer Science');
insert into CATEGORIES (category_id, category) values (2, 'Information System');
insert into CATEGORIES (category_id, category) values (3, 'Accounting');
insert into CATEGORIES (category_id, category) values (4, 'Finance');
insert into CATEGORIES (category_id, category) values (5, 'Business');

/*insert into POSTS (post_id, author, category_id, title, tags, description, created_at, updated_at, deleted) values (1, 'user3@lh.com', 4, 'platea dictumst morbi vestibulum velit id', 'css,csis4175', 'Praesent blandit. Nam nulla. Integer pede justo, lacinia eget, tincidunt eget, tempus vel, pede.

Morbi porttitor lorem id ligula. Suspendisse ornare consequat lectus. In est risus, auctor sed, tristique in, tempus sit amet, sem.

Fusce consequat. Nulla nisl. Nunc nisl.

Duis bibendum, felis sed interdum venenatis, turpis enim blandit mi, in porttitor pede justo eu massa. Donec dapibus. Duis at velit eu est congue elementum.

In hac habitasse platea dictumst. Morbi vestibulum, velit id pretium iaculis, diam erat fermentum justo, nec condimentum neque sapien placerat ante. Nulla justo.', '2019-09-26 23:09:08', '2019-10-13 16:22:12', 0);
insert into POSTS (post_id, author, category_id, title, tags, description, created_at, updated_at, deleted) values (2, 'user4@lh.com', 4, 'rutrum at lorem integer tincidunt ante vel ipsum praesent', 'css,csis4175', 'Maecenas tristique, est et tempus semper, est quam pharetra magna, ac consequat metus sapien ut nunc. Vestibulum ante ipsum primis in faucibus orci luctus et ultrices posuere cubilia Curae; Mauris viverra diam vitae quam. Suspendisse potenti.

Nullam porttitor lacus at turpis. Donec posuere metus vitae ipsum. Aliquam non mauris.

Morbi non lectus. Aliquam sit amet diam in magna bibendum imperdiet. Nullam orci pede, venenatis non, sodales sed, tincidunt eu, felis.

Fusce posuere felis sed lacus. Morbi sem mauris, laoreet ut, rhoncus aliquet, pulvinar sed, nisl. Nunc rhoncus dui vel sem.

Sed sagittis. Nam congue, risus semper porta volutpat, quam pede lobortis ligula, sit amet eleifend pede libero quis orci. Nullam molestie nibh in lectus.', '2019-09-07 00:41:52', '2019-10-22 01:36:45', 0);
insert into POSTS (post_id, author, category_id, title, tags, description, created_at, updated_at, deleted) values (3, 'user6@lh.com', 4, 'orci pede venenatis non sodales sed tincidunt', 'mongodb,csis4280', 'Lorem ipsum dolor sit amet, consectetuer adipiscing elit. Proin risus. Praesent lectus.

Vestibulum quam sapien, varius ut, blandit non, interdum in, ante. Vestibulum ante ipsum primis in faucibus orci luctus et ultrices posuere cubilia Curae; Duis faucibus accumsan odio. Curabitur convallis.

Duis consequat dui nec nisi volutpat eleifend. Donec ut dolor. Morbi vel lectus in quam fringilla rhoncus.

Mauris enim leo, rhoncus sed, vestibulum sit amet, cursus id, turpis. Integer aliquet, massa id lobortis convallis, tortor risus dapibus augue, vel accumsan tellus nisi eu orci. Mauris lacinia sapien quis libero.

Nullam sit amet turpis elementum ligula vehicula consequat. Morbi a ipsum. Integer a nibh.', '2019-09-06 15:26:06', '2019-10-07 06:21:42', 0);
insert into POSTS (post_id, author, category_id, title, tags, description, created_at, updated_at, deleted) values (4, 'user6@lh.com', 4, 'nulla ac enim in tempor turpis nec', 'css,csis4175', 'Cras non velit nec nisi vulputate nonummy. Maecenas tincidunt lacus at velit. Vivamus vel nulla eget eros elementum pellentesque.

Quisque porta volutpat erat. Quisque erat eros, viverra eget, congue eget, semper rutrum, nulla. Nunc purus.

Phasellus in felis. Donec semper sapien a libero. Nam dui.

Proin leo odio, porttitor id, consequat in, consequat ut, nulla. Sed accumsan felis. Ut at dolor quis odio consequat varius.

Integer ac leo. Pellentesque ultrices mattis odio. Donec vitae nisi.', '2019-09-18 11:56:56', '2019-10-28 19:42:46', 0);
insert into POSTS (post_id, author, category_id, title, tags, description, created_at, updated_at, deleted) values (5, 'user8@lh.com', 1, 'sed vel enim sit amet nunc viverra', 'c#,javascript', 'Nullam porttitor lacus at turpis. Donec posuere metus vitae ipsum. Aliquam non mauris.

Morbi non lectus. Aliquam sit amet diam in magna bibendum imperdiet. Nullam orci pede, venenatis non, sodales sed, tincidunt eu, felis.

Fusce posuere felis sed lacus. Morbi sem mauris, laoreet ut, rhoncus aliquet, pulvinar sed, nisl. Nunc rhoncus dui vel sem.', '2019-09-20 10:56:48', '2019-10-19 18:09:11', 0);
insert into POSTS (post_id, author, category_id, title, tags, description, created_at, updated_at, deleted) values (6, 'user2@lh.com', 4, 'convallis nulla neque libero convallis eget', 'csis4280,html', 'Cras mi pede, malesuada in, imperdiet et, commodo vulputate, justo. In blandit ultrices enim. Lorem ipsum dolor sit amet, consectetuer adipiscing elit.

Proin interdum mauris non ligula pellentesque ultrices. Phasellus id sapien in sapien iaculis congue. Vivamus metus arcu, adipiscing molestie, hendrerit at, vulputate vitae, nisl.

Aenean lectus. Pellentesque eget nunc. Donec quis orci eget orci vehicula condimentum.', '2019-09-15 03:29:03', '2019-10-02 03:16:33', 0);
insert into POSTS (post_id, author, category_id, title, tags, description, created_at, updated_at, deleted) values (7, 'user8@lh.com', 1, 'primis in faucibus orci luctus et ultrices', 'javascript,javascript', 'Fusce posuere felis sed lacus. Morbi sem mauris, laoreet ut, rhoncus aliquet, pulvinar sed, nisl. Nunc rhoncus dui vel sem.

Sed sagittis. Nam congue, risus semper porta volutpat, quam pede lobortis ligula, sit amet eleifend pede libero quis orci. Nullam molestie nibh in lectus.

Pellentesque at nulla. Suspendisse potenti. Cras in purus eu magna vulputate luctus.', '2019-09-11 14:36:29', '2019-10-06 16:44:09', 0);
insert into POSTS (post_id, author, category_id, title, tags, description, created_at, updated_at, deleted) values (8, 'user4@lh.com', 4, 'maecenas ut massa quis augue luctus tincidunt nulla mollis', 'php,php', 'Etiam vel augue. Vestibulum rutrum rutrum neque. Aenean auctor gravida sem.

Praesent id massa id nisl venenatis lacinia. Aenean sit amet justo. Morbi ut odio.

Cras mi pede, malesuada in, imperdiet et, commodo vulputate, justo. In blandit ultrices enim. Lorem ipsum dolor sit amet, consectetuer adipiscing elit.', '2019-09-05 07:02:31', '2019-10-01 14:17:04', 0);
insert into POSTS (post_id, author, category_id, title, tags, description, created_at, updated_at, deleted) values (9, 'user2@lh.com', 1, 'sit amet nulla quisque arcu libero rutrum ac lobortis vel dapibus', 'csis3175,css', 'Cum sociis natoque penatibus et magnis dis parturient montes, nascetur ridiculus mus. Vivamus vestibulum sagittis sapien. Cum sociis natoque penatibus et magnis dis parturient montes, nascetur ridiculus mus.

Etiam vel augue. Vestibulum rutrum rutrum neque. Aenean auctor gravida sem.

Praesent id massa id nisl venenatis lacinia. Aenean sit amet justo. Morbi ut odio.

Cras mi pede, malesuada in, imperdiet et, commodo vulputate, justo. In blandit ultrices enim. Lorem ipsum dolor sit amet, consectetuer adipiscing elit.', '2019-09-10 03:22:34', '2019-10-12 14:11:09', 0);
insert into POSTS (post_id, author, category_id, title, tags, description, created_at, updated_at, deleted) values (10, 'user8@lh.com', 2, 'dui vel nisl duis ac nibh', 'csis3380,javascript', 'Fusce posuere felis sed lacus. Morbi sem mauris, laoreet ut, rhoncus aliquet, pulvinar sed, nisl. Nunc rhoncus dui vel sem.

Sed sagittis. Nam congue, risus semper porta volutpat, quam pede lobortis ligula, sit amet eleifend pede libero quis orci. Nullam molestie nibh in lectus.

Pellentesque at nulla. Suspendisse potenti. Cras in purus eu magna vulputate luctus.', '2019-09-27 14:15:57', '2019-10-12 03:46:17', 0);
insert into POSTS (post_id, author, category_id, title, tags, description, created_at, updated_at, deleted) values (11, 'user2@lh.com', 1, 'dolor quis odio consequat varius integer', 'csis4175,csis3175', 'Duis bibendum. Morbi non quam nec dui luctus rutrum. Nulla tellus.

In sagittis dui vel nisl. Duis ac nibh. Fusce lacus purus, aliquet at, feugiat non, pretium quis, lectus.

Suspendisse potenti. In eleifend quam a odio. In hac habitasse platea dictumst.

Maecenas ut massa quis augue luctus tincidunt. Nulla mollis molestie lorem. Quisque ut erat.

Curabitur gravida nisi at nibh. In hac habitasse platea dictumst. Aliquam augue quam, sollicitudin vitae, consectetuer eget, rutrum at, lorem.', '2019-09-27 18:11:58', '2019-10-18 14:32:45', 0);
insert into POSTS (post_id, author, category_id, title, tags, description, created_at, updated_at, deleted) values (12, 'user7@lh.com', 4, 'est phasellus sit amet erat nulla tempus vivamus in felis', 'css,csis4175', 'Morbi porttitor lorem id ligula. Suspendisse ornare consequat lectus. In est risus, auctor sed, tristique in, tempus sit amet, sem.

Fusce consequat. Nulla nisl. Nunc nisl.

Duis bibendum, felis sed interdum venenatis, turpis enim blandit mi, in porttitor pede justo eu massa. Donec dapibus. Duis at velit eu est congue elementum.', '2019-09-20 11:09:06', '2019-10-10 21:45:22', 0);
insert into POSTS (post_id, author, category_id, title, tags, description, created_at, updated_at, deleted) values (13, 'user9@lh.com', 4, 'duis ac nibh fusce lacus purus aliquet at feugiat non pretium', 'csis3175,css', 'Quisque id justo sit amet sapien dignissim vestibulum. Vestibulum ante ipsum primis in faucibus orci luctus et ultrices posuere cubilia Curae; Nulla dapibus dolor vel est. Donec odio justo, sollicitudin ut, suscipit a, feugiat et, eros.

Vestibulum ac est lacinia nisi venenatis tristique. Fusce congue, diam id ornare imperdiet, sapien urna pretium nisl, ut volutpat sapien arcu sed augue. Aliquam erat volutpat.', '2019-09-20 13:18:23', '2019-10-15 23:24:56', 0);
insert into POSTS (post_id, author, category_id, title, tags, description, created_at, updated_at, deleted) values (14, 'user2@lh.com', 5, 'vestibulum rutrum rutrum neque aenean auctor', 'mongodb,csis4280', 'Lorem ipsum dolor sit amet, consectetuer adipiscing elit. Proin risus. Praesent lectus.

Vestibulum quam sapien, varius ut, blandit non, interdum in, ante. Vestibulum ante ipsum primis in faucibus orci luctus et ultrices posuere cubilia Curae; Duis faucibus accumsan odio. Curabitur convallis.

Duis consequat dui nec nisi volutpat eleifend. Donec ut dolor. Morbi vel lectus in quam fringilla rhoncus.

Mauris enim leo, rhoncus sed, vestibulum sit amet, cursus id, turpis. Integer aliquet, massa id lobortis convallis, tortor risus dapibus augue, vel accumsan tellus nisi eu orci. Mauris lacinia sapien quis libero.', '2019-09-12 19:21:27', '2019-10-07 18:29:04', 0);
insert into POSTS (post_id, author, category_id, title, tags, description, created_at, updated_at, deleted) values (15, 'user9@lh.com', 4, 'in sagittis dui vel nisl duis ac nibh fusce', 'csis4175,csis3175', 'Vestibulum ac est lacinia nisi venenatis tristique. Fusce congue, diam id ornare imperdiet, sapien urna pretium nisl, ut volutpat sapien arcu sed augue. Aliquam erat volutpat.

In congue. Etiam justo. Etiam pretium iaculis justo.

In hac habitasse platea dictumst. Etiam faucibus cursus urna. Ut tellus.

Nulla ut erat id mauris vulputate elementum. Nullam varius. Nulla facilisi.

Cras non velit nec nisi vulputate nonummy. Maecenas tincidunt lacus at velit. Vivamus vel nulla eget eros elementum pellentesque.', '2019-09-16 15:10:46', '2019-10-23 10:04:29', 0);
insert into POSTS (post_id, author, category_id, title, tags, description, created_at, updated_at, deleted) values (16, 'user5@lh.com', 1, 'sem fusce consequat nulla nisl nunc', 'csis4280,html', 'In quis justo. Maecenas rhoncus aliquam lacus. Morbi quis tortor id nulla ultrices aliquet.

Maecenas leo odio, condimentum id, luctus nec, molestie sed, justo. Pellentesque viverra pede ac diam. Cras pellentesque volutpat dui.

Maecenas tristique, est et tempus semper, est quam pharetra magna, ac consequat metus sapien ut nunc. Vestibulum ante ipsum primis in faucibus orci luctus et ultrices posuere cubilia Curae; Mauris viverra diam vitae quam. Suspendisse potenti.

Nullam porttitor lacus at turpis. Donec posuere metus vitae ipsum. Aliquam non mauris.', '2019-09-26 07:32:07', '2019-10-12 04:56:56', 0);
insert into POSTS (post_id, author, category_id, title, tags, description, created_at, updated_at, deleted) values (17, 'user5@lh.com', 5, 'ultrices vel augue vestibulum ante ipsum primis in faucibus orci', 'css,csis4175', 'Duis consequat dui nec nisi volutpat eleifend. Donec ut dolor. Morbi vel lectus in quam fringilla rhoncus.

Mauris enim leo, rhoncus sed, vestibulum sit amet, cursus id, turpis. Integer aliquet, massa id lobortis convallis, tortor risus dapibus augue, vel accumsan tellus nisi eu orci. Mauris lacinia sapien quis libero.

Nullam sit amet turpis elementum ligula vehicula consequat. Morbi a ipsum. Integer a nibh.', '2019-09-19 13:29:42', '2019-10-01 18:17:14', 0);
insert into POSTS (post_id, author, category_id, title, tags, description, created_at, updated_at, deleted) values (18, 'user4@lh.com', 5, 'dui maecenas tristique est et tempus semper est', 'csis4175,csis3175', 'Morbi non lectus. Aliquam sit amet diam in magna bibendum imperdiet. Nullam orci pede, venenatis non, sodales sed, tincidunt eu, felis.

Fusce posuere felis sed lacus. Morbi sem mauris, laoreet ut, rhoncus aliquet, pulvinar sed, nisl. Nunc rhoncus dui vel sem.

Sed sagittis. Nam congue, risus semper porta volutpat, quam pede lobortis ligula, sit amet eleifend pede libero quis orci. Nullam molestie nibh in lectus.

Pellentesque at nulla. Suspendisse potenti. Cras in purus eu magna vulputate luctus.', '2019-09-28 05:31:17', '2019-10-17 14:44:59', 0);
insert into POSTS (post_id, author, category_id, title, tags, description, created_at, updated_at, deleted) values (19, 'user8@lh.com', 2, 'vulputate luctus cum sociis natoque penatibus et magnis dis', 'csis1175,c#', 'Phasellus in felis. Donec semper sapien a libero. Nam dui.

Proin leo odio, porttitor id, consequat in, consequat ut, nulla. Sed accumsan felis. Ut at dolor quis odio consequat varius.', '2019-09-26 06:45:46', '2019-10-11 08:42:07', 0);
insert into POSTS (post_id, author, category_id, title, tags, description, created_at, updated_at, deleted) values (20, 'user8@lh.com', 3, 'sit amet cursus id turpis integer aliquet massa', 'java,csis4175', 'Cum sociis natoque penatibus et magnis dis parturient montes, nascetur ridiculus mus. Vivamus vestibulum sagittis sapien. Cum sociis natoque penatibus et magnis dis parturient montes, nascetur ridiculus mus.

Etiam vel augue. Vestibulum rutrum rutrum neque. Aenean auctor gravida sem.

Praesent id massa id nisl venenatis lacinia. Aenean sit amet justo. Morbi ut odio.', '2019-09-26 04:22:52', '2019-10-19 13:02:55', 0);
insert into POSTS (post_id, author, category_id, title, tags, description, created_at, updated_at, deleted) values (21, 'user8@lh.com', 1, 'nisl ut volutpat sapien arcu sed augue', 'java,csis4175', 'Proin eu mi. Nulla ac enim. In tempor, turpis nec euismod scelerisque, quam turpis adipiscing lorem, vitae mattis nibh ligula nec sem.

Duis aliquam convallis nunc. Proin at turpis a pede posuere nonummy. Integer non velit.

Donec diam neque, vestibulum eget, vulputate ut, ultrices vel, augue. Vestibulum ante ipsum primis in faucibus orci luctus et ultrices posuere cubilia Curae; Donec pharetra, magna vestibulum aliquet ultrices, erat tortor sollicitudin mi, sit amet lobortis sapien sapien non mi. Integer ac neque.

Duis bibendum. Morbi non quam nec dui luctus rutrum. Nulla tellus.

In sagittis dui vel nisl. Duis ac nibh. Fusce lacus purus, aliquet at, feugiat non, pretium quis, lectus.', '2019-09-11 22:35:32', '2019-10-21 21:37:16', 0);
insert into POSTS (post_id, author, category_id, title, tags, description, created_at, updated_at, deleted) values (22, 'user3@lh.com', 4, 'blandit non interdum in ante vestibulum ante ipsum primis in faucibus orci', 'php,php', 'Pellentesque at nulla. Suspendisse potenti. Cras in purus eu magna vulputate luctus.

Cum sociis natoque penatibus et magnis dis parturient montes, nascetur ridiculus mus. Vivamus vestibulum sagittis sapien. Cum sociis natoque penatibus et magnis dis parturient montes, nascetur ridiculus mus.

Etiam vel augue. Vestibulum rutrum rutrum neque. Aenean auctor gravida sem.

Praesent id massa id nisl venenatis lacinia. Aenean sit amet justo. Morbi ut odio.', '2019-09-19 13:58:07', '2019-10-11 01:42:34', 0);
insert into POSTS (post_id, author, category_id, title, tags, description, created_at, updated_at, deleted) values (23, 'user5@lh.com', 1, 'ac tellus semper interdum mauris ullamcorper purus sit amet nulla', 'html,php', 'Quisque id justo sit amet sapien dignissim vestibulum. Vestibulum ante ipsum primis in faucibus orci luctus et ultrices posuere cubilia Curae; Nulla dapibus dolor vel est. Donec odio justo, sollicitudin ut, suscipit a, feugiat et, eros.

Vestibulum ac est lacinia nisi venenatis tristique. Fusce congue, diam id ornare imperdiet, sapien urna pretium nisl, ut volutpat sapien arcu sed augue. Aliquam erat volutpat.

In congue. Etiam justo. Etiam pretium iaculis justo.

In hac habitasse platea dictumst. Etiam faucibus cursus urna. Ut tellus.', '2019-09-01 17:16:32', '2019-10-20 10:16:37', 0);
insert into POSTS (post_id, author, category_id, title, tags, description, created_at, updated_at, deleted) values (24, 'user3@lh.com', 1, 'tincidunt eu felis fusce posuere felis sed', 'c#,javascript', 'Cras non velit nec nisi vulputate nonummy. Maecenas tincidunt lacus at velit. Vivamus vel nulla eget eros elementum pellentesque.

Quisque porta volutpat erat. Quisque erat eros, viverra eget, congue eget, semper rutrum, nulla. Nunc purus.

Phasellus in felis. Donec semper sapien a libero. Nam dui.

Proin leo odio, porttitor id, consequat in, consequat ut, nulla. Sed accumsan felis. Ut at dolor quis odio consequat varius.', '2019-09-14 11:02:34', '2019-10-22 13:05:55', 0);
insert into POSTS (post_id, author, category_id, title, tags, description, created_at, updated_at, deleted) values (25, 'user10@lh.com', 4, 'odio condimentum id luctus nec molestie sed justo pellentesque', 'csis4280,html', 'Pellentesque at nulla. Suspendisse potenti. Cras in purus eu magna vulputate luctus.

Cum sociis natoque penatibus et magnis dis parturient montes, nascetur ridiculus mus. Vivamus vestibulum sagittis sapien. Cum sociis natoque penatibus et magnis dis parturient montes, nascetur ridiculus mus.

Etiam vel augue. Vestibulum rutrum rutrum neque. Aenean auctor gravida sem.', '2019-09-23 02:15:16', '2019-10-14 02:45:41', 0);
insert into POSTS (post_id, author, category_id, title, tags, description, created_at, updated_at, deleted) values (26, 'user9@lh.com', 1, 'vestibulum velit id pretium iaculis diam erat fermentum justo', 'sql,mongodb', 'Cras mi pede, malesuada in, imperdiet et, commodo vulputate, justo. In blandit ultrices enim. Lorem ipsum dolor sit amet, consectetuer adipiscing elit.

Proin interdum mauris non ligula pellentesque ultrices. Phasellus id sapien in sapien iaculis congue. Vivamus metus arcu, adipiscing molestie, hendrerit at, vulputate vitae, nisl.

Aenean lectus. Pellentesque eget nunc. Donec quis orci eget orci vehicula condimentum.', '2019-09-03 22:32:52', '2019-10-01 18:27:46', 0);
insert into POSTS (post_id, author, category_id, title, tags, description, created_at, updated_at, deleted) values (27, 'user1@lh.com', 3, 'volutpat quam pede lobortis ligula sit amet eleifend', 'csis4280,html', 'Morbi porttitor lorem id ligula. Suspendisse ornare consequat lectus. In est risus, auctor sed, tristique in, tempus sit amet, sem.

Fusce consequat. Nulla nisl. Nunc nisl.

Duis bibendum, felis sed interdum venenatis, turpis enim blandit mi, in porttitor pede justo eu massa. Donec dapibus. Duis at velit eu est congue elementum.

In hac habitasse platea dictumst. Morbi vestibulum, velit id pretium iaculis, diam erat fermentum justo, nec condimentum neque sapien placerat ante. Nulla justo.

Aliquam quis turpis eget elit sodales scelerisque. Mauris sit amet eros. Suspendisse accumsan tortor quis turpis.', '2019-09-18 09:34:06', '2019-10-23 02:50:13', 0);
insert into POSTS (post_id, author, category_id, title, tags, description, created_at, updated_at, deleted) values (28, 'user3@lh.com', 4, 'et magnis dis parturient montes nascetur', 'c#,javascript', 'Fusce posuere felis sed lacus. Morbi sem mauris, laoreet ut, rhoncus aliquet, pulvinar sed, nisl. Nunc rhoncus dui vel sem.

Sed sagittis. Nam congue, risus semper porta volutpat, quam pede lobortis ligula, sit amet eleifend pede libero quis orci. Nullam molestie nibh in lectus.

Pellentesque at nulla. Suspendisse potenti. Cras in purus eu magna vulputate luctus.

Cum sociis natoque penatibus et magnis dis parturient montes, nascetur ridiculus mus. Vivamus vestibulum sagittis sapien. Cum sociis natoque penatibus et magnis dis parturient montes, nascetur ridiculus mus.

Etiam vel augue. Vestibulum rutrum rutrum neque. Aenean auctor gravida sem.', '2019-09-13 22:46:11', '2019-10-27 20:39:40', 0);
insert into POSTS (post_id, author, category_id, title, tags, description, created_at, updated_at, deleted) values (29, 'user6@lh.com', 1, 'sit amet sapien dignissim vestibulum vestibulum ante', 'csis4280,html', 'Praesent id massa id nisl venenatis lacinia. Aenean sit amet justo. Morbi ut odio.

Cras mi pede, malesuada in, imperdiet et, commodo vulputate, justo. In blandit ultrices enim. Lorem ipsum dolor sit amet, consectetuer adipiscing elit.

Proin interdum mauris non ligula pellentesque ultrices. Phasellus id sapien in sapien iaculis congue. Vivamus metus arcu, adipiscing molestie, hendrerit at, vulputate vitae, nisl.

Aenean lectus. Pellentesque eget nunc. Donec quis orci eget orci vehicula condimentum.

Curabitur in libero ut massa volutpat convallis. Morbi odio odio, elementum eu, interdum eu, tincidunt in, leo. Maecenas pulvinar lobortis est.', '2019-09-01 10:00:51', '2019-10-08 15:28:07', 0);
insert into POSTS (post_id, author, category_id, title, tags, description, created_at, updated_at, deleted) values (30, 'user10@lh.com', 2, 'justo sit amet sapien dignissim vestibulum vestibulum ante ipsum primis in faucibus', 'html,php', 'Cras non velit nec nisi vulputate nonummy. Maecenas tincidunt lacus at velit. Vivamus vel nulla eget eros elementum pellentesque.

Quisque porta volutpat erat. Quisque erat eros, viverra eget, congue eget, semper rutrum, nulla. Nunc purus.

Phasellus in felis. Donec semper sapien a libero. Nam dui.

Proin leo odio, porttitor id, consequat in, consequat ut, nulla. Sed accumsan felis. Ut at dolor quis odio consequat varius.', '2019-09-02 21:48:05', '2019-10-08 18:23:24', 0);
insert into POSTS (post_id, author, category_id, title, tags, description, created_at, updated_at, deleted) values (31, 'user1@lh.com', 5, 'sit amet consectetuer adipiscing elit proin interdum mauris non ligula pellentesque ultrices', 'php,php', 'Maecenas tristique, est et tempus semper, est quam pharetra magna, ac consequat metus sapien ut nunc. Vestibulum ante ipsum primis in faucibus orci luctus et ultrices posuere cubilia Curae; Mauris viverra diam vitae quam. Suspendisse potenti.

Nullam porttitor lacus at turpis. Donec posuere metus vitae ipsum. Aliquam non mauris.

Morbi non lectus. Aliquam sit amet diam in magna bibendum imperdiet. Nullam orci pede, venenatis non, sodales sed, tincidunt eu, felis.

Fusce posuere felis sed lacus. Morbi sem mauris, laoreet ut, rhoncus aliquet, pulvinar sed, nisl. Nunc rhoncus dui vel sem.

Sed sagittis. Nam congue, risus semper porta volutpat, quam pede lobortis ligula, sit amet eleifend pede libero quis orci. Nullam molestie nibh in lectus.', '2019-09-09 03:39:33', '2019-10-25 13:43:37', 0);
insert into POSTS (post_id, author, category_id, title, tags, description, created_at, updated_at, deleted) values (32, 'user7@lh.com', 5, 'blandit lacinia erat vestibulum sed magna at', 'csis1275,csis1175', 'Sed sagittis. Nam congue, risus semper porta volutpat, quam pede lobortis ligula, sit amet eleifend pede libero quis orci. Nullam molestie nibh in lectus.

Pellentesque at nulla. Suspendisse potenti. Cras in purus eu magna vulputate luctus.

Cum sociis natoque penatibus et magnis dis parturient montes, nascetur ridiculus mus. Vivamus vestibulum sagittis sapien. Cum sociis natoque penatibus et magnis dis parturient montes, nascetur ridiculus mus.

Etiam vel augue. Vestibulum rutrum rutrum neque. Aenean auctor gravida sem.

Praesent id massa id nisl venenatis lacinia. Aenean sit amet justo. Morbi ut odio.', '2019-09-14 16:17:04', '2019-10-11 18:49:01', 0);
insert into POSTS (post_id, author, category_id, title, tags, description, created_at, updated_at, deleted) values (33, 'user7@lh.com', 4, 'lacus morbi sem mauris laoreet ut rhoncus', 'c#,javascript', 'Aenean lectus. Pellentesque eget nunc. Donec quis orci eget orci vehicula condimentum.

Curabitur in libero ut massa volutpat convallis. Morbi odio odio, elementum eu, interdum eu, tincidunt in, leo. Maecenas pulvinar lobortis est.', '2019-09-25 17:41:20', '2019-10-24 02:39:49', 0);
insert into POSTS (post_id, author, category_id, title, tags, description, created_at, updated_at, deleted) values (34, 'user5@lh.com', 2, 'nisl nunc rhoncus dui vel sem sed sagittis', 'csis3175,css', 'Cras mi pede, malesuada in, imperdiet et, commodo vulputate, justo. In blandit ultrices enim. Lorem ipsum dolor sit amet, consectetuer adipiscing elit.

Proin interdum mauris non ligula pellentesque ultrices. Phasellus id sapien in sapien iaculis congue. Vivamus metus arcu, adipiscing molestie, hendrerit at, vulputate vitae, nisl.

Aenean lectus. Pellentesque eget nunc. Donec quis orci eget orci vehicula condimentum.

Curabitur in libero ut massa volutpat convallis. Morbi odio odio, elementum eu, interdum eu, tincidunt in, leo. Maecenas pulvinar lobortis est.

Phasellus sit amet erat. Nulla tempus. Vivamus in felis eu sapien cursus vestibulum.', '2019-09-07 08:35:59', '2019-10-22 20:07:59', 0);
insert into POSTS (post_id, author, category_id, title, tags, description, created_at, updated_at, deleted) values (35, 'user6@lh.com', 4, 'vestibulum quam sapien varius ut blandit non interdum', 'csis3380,javascript', 'Cum sociis natoque penatibus et magnis dis parturient montes, nascetur ridiculus mus. Vivamus vestibulum sagittis sapien. Cum sociis natoque penatibus et magnis dis parturient montes, nascetur ridiculus mus.

Etiam vel augue. Vestibulum rutrum rutrum neque. Aenean auctor gravida sem.

Praesent id massa id nisl venenatis lacinia. Aenean sit amet justo. Morbi ut odio.

Cras mi pede, malesuada in, imperdiet et, commodo vulputate, justo. In blandit ultrices enim. Lorem ipsum dolor sit amet, consectetuer adipiscing elit.', '2019-09-05 09:13:12', '2019-10-08 13:31:28', 0);
insert into POSTS (post_id, author, category_id, title, tags, description, created_at, updated_at, deleted) values (36, 'user7@lh.com', 3, 'suspendisse potenti nullam porttitor lacus at turpis donec posuere', 'csis3380,javascript', 'Praesent blandit. Nam nulla. Integer pede justo, lacinia eget, tincidunt eget, tempus vel, pede.

Morbi porttitor lorem id ligula. Suspendisse ornare consequat lectus. In est risus, auctor sed, tristique in, tempus sit amet, sem.', '2019-09-22 06:13:41', '2019-10-07 05:55:15', 0);
insert into POSTS (post_id, author, category_id, title, tags, description, created_at, updated_at, deleted) values (37, 'user5@lh.com', 2, 'elementum ligula vehicula consequat morbi a ipsum integer', 'php,php', 'In quis justo. Maecenas rhoncus aliquam lacus. Morbi quis tortor id nulla ultrices aliquet.

Maecenas leo odio, condimentum id, luctus nec, molestie sed, justo. Pellentesque viverra pede ac diam. Cras pellentesque volutpat dui.', '2019-09-07 13:22:20', '2019-10-08 00:05:10', 0);
insert into POSTS (post_id, author, category_id, title, tags, description, created_at, updated_at, deleted) values (38, 'user4@lh.com', 5, 'eget nunc donec quis orci eget orci vehicula condimentum', 'csis4175,csis3175', 'In hac habitasse platea dictumst. Morbi vestibulum, velit id pretium iaculis, diam erat fermentum justo, nec condimentum neque sapien placerat ante. Nulla justo.

Aliquam quis turpis eget elit sodales scelerisque. Mauris sit amet eros. Suspendisse accumsan tortor quis turpis.

Sed ante. Vivamus tortor. Duis mattis egestas metus.

Aenean fermentum. Donec ut mauris eget massa tempor convallis. Nulla neque libero, convallis eget, eleifend luctus, ultricies eu, nibh.', '2019-09-26 15:41:50', '2019-10-26 11:29:17', 0);
insert into POSTS (post_id, author, category_id, title, tags, description, created_at, updated_at, deleted) values (39, 'user2@lh.com', 3, 'nisl duis bibendum felis sed interdum venenatis turpis enim', 'csis1175,c#', 'In hac habitasse platea dictumst. Morbi vestibulum, velit id pretium iaculis, diam erat fermentum justo, nec condimentum neque sapien placerat ante. Nulla justo.

Aliquam quis turpis eget elit sodales scelerisque. Mauris sit amet eros. Suspendisse accumsan tortor quis turpis.

Sed ante. Vivamus tortor. Duis mattis egestas metus.

Aenean fermentum. Donec ut mauris eget massa tempor convallis. Nulla neque libero, convallis eget, eleifend luctus, ultricies eu, nibh.', '2019-09-16 01:07:00', '2019-10-01 06:16:20', 0);
insert into POSTS (post_id, author, category_id, title, tags, description, created_at, updated_at, deleted) values (40, 'user8@lh.com', 1, 'tincidunt eu felis fusce posuere felis sed lacus', 'csis4280,html', 'Praesent blandit. Nam nulla. Integer pede justo, lacinia eget, tincidunt eget, tempus vel, pede.

Morbi porttitor lorem id ligula. Suspendisse ornare consequat lectus. In est risus, auctor sed, tristique in, tempus sit amet, sem.

Fusce consequat. Nulla nisl. Nunc nisl.

Duis bibendum, felis sed interdum venenatis, turpis enim blandit mi, in porttitor pede justo eu massa. Donec dapibus. Duis at velit eu est congue elementum.

In hac habitasse platea dictumst. Morbi vestibulum, velit id pretium iaculis, diam erat fermentum justo, nec condimentum neque sapien placerat ante. Nulla justo.', '2019-09-22 03:21:42', '2019-10-25 21:38:21', 0);
insert into POSTS (post_id, author, category_id, title, tags, description, created_at, updated_at, deleted) values (41, 'user4@lh.com', 5, 'lectus pellentesque at nulla suspendisse potenti', 'java,csis4175', 'Morbi porttitor lorem id ligula. Suspendisse ornare consequat lectus. In est risus, auctor sed, tristique in, tempus sit amet, sem.

Fusce consequat. Nulla nisl. Nunc nisl.

Duis bibendum, felis sed interdum venenatis, turpis enim blandit mi, in porttitor pede justo eu massa. Donec dapibus. Duis at velit eu est congue elementum.

In hac habitasse platea dictumst. Morbi vestibulum, velit id pretium iaculis, diam erat fermentum justo, nec condimentum neque sapien placerat ante. Nulla justo.', '2019-09-15 22:21:23', '2019-10-20 12:32:31', 0);
insert into POSTS (post_id, author, category_id, title, tags, description, created_at, updated_at, deleted) values (42, 'user8@lh.com', 4, 'ac neque duis bibendum morbi non quam nec', 'csis1175,c#', 'Duis aliquam convallis nunc. Proin at turpis a pede posuere nonummy. Integer non velit.

Donec diam neque, vestibulum eget, vulputate ut, ultrices vel, augue. Vestibulum ante ipsum primis in faucibus orci luctus et ultrices posuere cubilia Curae; Donec pharetra, magna vestibulum aliquet ultrices, erat tortor sollicitudin mi, sit amet lobortis sapien sapien non mi. Integer ac neque.

Duis bibendum. Morbi non quam nec dui luctus rutrum. Nulla tellus.', '2019-09-07 18:18:10', '2019-10-04 01:13:54', 0);
insert into POSTS (post_id, author, category_id, title, tags, description, created_at, updated_at, deleted) values (43, 'user5@lh.com', 3, 'mattis odio donec vitae nisi nam ultrices', 'sql,mongodb', 'In hac habitasse platea dictumst. Morbi vestibulum, velit id pretium iaculis, diam erat fermentum justo, nec condimentum neque sapien placerat ante. Nulla justo.

Aliquam quis turpis eget elit sodales scelerisque. Mauris sit amet eros. Suspendisse accumsan tortor quis turpis.

Sed ante. Vivamus tortor. Duis mattis egestas metus.

Aenean fermentum. Donec ut mauris eget massa tempor convallis. Nulla neque libero, convallis eget, eleifend luctus, ultricies eu, nibh.', '2019-09-19 22:45:00', '2019-10-07 12:00:41', 0);
insert into POSTS (post_id, author, category_id, title, tags, description, created_at, updated_at, deleted) values (44, 'user9@lh.com', 2, 'pellentesque ultrices mattis odio donec vitae nisi', 'c#,javascript', 'Pellentesque at nulla. Suspendisse potenti. Cras in purus eu magna vulputate luctus.

Cum sociis natoque penatibus et magnis dis parturient montes, nascetur ridiculus mus. Vivamus vestibulum sagittis sapien. Cum sociis natoque penatibus et magnis dis parturient montes, nascetur ridiculus mus.

Etiam vel augue. Vestibulum rutrum rutrum neque. Aenean auctor gravida sem.

Praesent id massa id nisl venenatis lacinia. Aenean sit amet justo. Morbi ut odio.

Cras mi pede, malesuada in, imperdiet et, commodo vulputate, justo. In blandit ultrices enim. Lorem ipsum dolor sit amet, consectetuer adipiscing elit.', '2019-09-10 11:56:07', '2019-10-09 05:52:28', 0);
insert into POSTS (post_id, author, category_id, title, tags, description, created_at, updated_at, deleted) values (45, 'user10@lh.com', 5, 'vestibulum ante ipsum primis in faucibus orci luctus', 'java,csis4175', 'In sagittis dui vel nisl. Duis ac nibh. Fusce lacus purus, aliquet at, feugiat non, pretium quis, lectus.

Suspendisse potenti. In eleifend quam a odio. In hac habitasse platea dictumst.

Maecenas ut massa quis augue luctus tincidunt. Nulla mollis molestie lorem. Quisque ut erat.

Curabitur gravida nisi at nibh. In hac habitasse platea dictumst. Aliquam augue quam, sollicitudin vitae, consectetuer eget, rutrum at, lorem.', '2019-09-17 20:33:40', '2019-10-08 17:08:01', 0);
insert into POSTS (post_id, author, category_id, title, tags, description, created_at, updated_at, deleted) values (46, 'user6@lh.com', 3, 'augue luctus tincidunt nulla mollis molestie lorem', 'csis1275,csis1175', 'Morbi porttitor lorem id ligula. Suspendisse ornare consequat lectus. In est risus, auctor sed, tristique in, tempus sit amet, sem.

Fusce consequat. Nulla nisl. Nunc nisl.', '2019-09-11 20:06:08', '2019-10-16 07:35:58', 0);
insert into POSTS (post_id, author, category_id, title, tags, description, created_at, updated_at, deleted) values (47, 'user7@lh.com', 5, 'gravida nisi at nibh in hac habitasse platea', 'css,csis4175', 'Sed ante. Vivamus tortor. Duis mattis egestas metus.

Aenean fermentum. Donec ut mauris eget massa tempor convallis. Nulla neque libero, convallis eget, eleifend luctus, ultricies eu, nibh.

Quisque id justo sit amet sapien dignissim vestibulum. Vestibulum ante ipsum primis in faucibus orci luctus et ultrices posuere cubilia Curae; Nulla dapibus dolor vel est. Donec odio justo, sollicitudin ut, suscipit a, feugiat et, eros.', '2019-09-23 09:34:48', '2019-10-04 11:39:15', 0);
insert into POSTS (post_id, author, category_id, title, tags, description, created_at, updated_at, deleted) values (48, 'user9@lh.com', 3, 'adipiscing elit proin interdum mauris non ligula', 'sql,mongodb', 'Proin leo odio, porttitor id, consequat in, consequat ut, nulla. Sed accumsan felis. Ut at dolor quis odio consequat varius.

Integer ac leo. Pellentesque ultrices mattis odio. Donec vitae nisi.', '2019-09-14 05:10:06', '2019-10-21 18:19:19', 0);
insert into POSTS (post_id, author, category_id, title, tags, description, created_at, updated_at, deleted) values (49, 'user2@lh.com', 3, 'vestibulum vestibulum ante ipsum primis in faucibus orci luctus et ultrices posuere', 'html,php', 'Integer tincidunt ante vel ipsum. Praesent blandit lacinia erat. Vestibulum sed magna at nunc commodo placerat.

Praesent blandit. Nam nulla. Integer pede justo, lacinia eget, tincidunt eget, tempus vel, pede.

Morbi porttitor lorem id ligula. Suspendisse ornare consequat lectus. In est risus, auctor sed, tristique in, tempus sit amet, sem.

Fusce consequat. Nulla nisl. Nunc nisl.

Duis bibendum, felis sed interdum venenatis, turpis enim blandit mi, in porttitor pede justo eu massa. Donec dapibus. Duis at velit eu est congue elementum.', '2019-09-27 11:17:52', '2019-10-09 11:51:25', 0);
insert into POSTS (post_id, author, category_id, title, tags, description, created_at, updated_at, deleted) values (50, 'user4@lh.com', 2, 'purus phasellus in felis donec semper sapien a', 'html,php', 'Proin interdum mauris non ligula pellentesque ultrices. Phasellus id sapien in sapien iaculis congue. Vivamus metus arcu, adipiscing molestie, hendrerit at, vulputate vitae, nisl.

Aenean lectus. Pellentesque eget nunc. Donec quis orci eget orci vehicula condimentum.

Curabitur in libero ut massa volutpat convallis. Morbi odio odio, elementum eu, interdum eu, tincidunt in, leo. Maecenas pulvinar lobortis est.', '2019-09-20 08:27:44', '2019-10-07 13:22:05', 0);
insert into POSTS (post_id, author, category_id, title, tags, description, created_at, updated_at, deleted) values (51, 'user8@lh.com', 4, 'donec odio justo sollicitudin ut suscipit a feugiat et eros vestibulum ac', 'csis1175,c#', 'Etiam vel augue. Vestibulum rutrum rutrum neque. Aenean auctor gravida sem.

Praesent id massa id nisl venenatis lacinia. Aenean sit amet justo. Morbi ut odio.', '2019-09-11 19:37:21', '2019-10-26 07:59:52', 0);
insert into POSTS (post_id, author, category_id, title, tags, description, created_at, updated_at, deleted) values (52, 'user9@lh.com', 4, 'diam neque vestibulum eget vulputate ut ultrices vel', 'mongodb,csis4280', 'Cras mi pede, malesuada in, imperdiet et, commodo vulputate, justo. In blandit ultrices enim. Lorem ipsum dolor sit amet, consectetuer adipiscing elit.

Proin interdum mauris non ligula pellentesque ultrices. Phasellus id sapien in sapien iaculis congue. Vivamus metus arcu, adipiscing molestie, hendrerit at, vulputate vitae, nisl.', '2019-09-05 23:40:36', '2019-10-01 05:43:36', 0);
insert into POSTS (post_id, author, category_id, title, tags, description, created_at, updated_at, deleted) values (53, 'user9@lh.com', 5, 'ac lobortis vel dapibus at diam', 'csis4280,html', 'Nullam porttitor lacus at turpis. Donec posuere metus vitae ipsum. Aliquam non mauris.

Morbi non lectus. Aliquam sit amet diam in magna bibendum imperdiet. Nullam orci pede, venenatis non, sodales sed, tincidunt eu, felis.', '2019-09-22 16:06:41', '2019-10-20 23:39:49', 0);
insert into POSTS (post_id, author, category_id, title, tags, description, created_at, updated_at, deleted) values (54, 'user5@lh.com', 4, 'nisi venenatis tristique fusce congue diam', 'javascript,javascript', 'Nulla ut erat id mauris vulputate elementum. Nullam varius. Nulla facilisi.

Cras non velit nec nisi vulputate nonummy. Maecenas tincidunt lacus at velit. Vivamus vel nulla eget eros elementum pellentesque.

Quisque porta volutpat erat. Quisque erat eros, viverra eget, congue eget, semper rutrum, nulla. Nunc purus.', '2019-09-22 21:43:35', '2019-10-13 04:43:30', 0);
insert into POSTS (post_id, author, category_id, title, tags, description, created_at, updated_at, deleted) values (55, 'user4@lh.com', 4, 'lacus curabitur at ipsum ac tellus semper interdum', 'java,csis4175', 'Maecenas tristique, est et tempus semper, est quam pharetra magna, ac consequat metus sapien ut nunc. Vestibulum ante ipsum primis in faucibus orci luctus et ultrices posuere cubilia Curae; Mauris viverra diam vitae quam. Suspendisse potenti.

Nullam porttitor lacus at turpis. Donec posuere metus vitae ipsum. Aliquam non mauris.

Morbi non lectus. Aliquam sit amet diam in magna bibendum imperdiet. Nullam orci pede, venenatis non, sodales sed, tincidunt eu, felis.

Fusce posuere felis sed lacus. Morbi sem mauris, laoreet ut, rhoncus aliquet, pulvinar sed, nisl. Nunc rhoncus dui vel sem.', '2019-09-28 02:00:39', '2019-10-27 13:20:45', 0);
insert into POSTS (post_id, author, category_id, title, tags, description, created_at, updated_at, deleted) values (56, 'user2@lh.com', 1, 'leo maecenas pulvinar lobortis est phasellus sit amet erat nulla tempus', 'csis4175,csis3175', 'Donec diam neque, vestibulum eget, vulputate ut, ultrices vel, augue. Vestibulum ante ipsum primis in faucibus orci luctus et ultrices posuere cubilia Curae; Donec pharetra, magna vestibulum aliquet ultrices, erat tortor sollicitudin mi, sit amet lobortis sapien sapien non mi. Integer ac neque.

Duis bibendum. Morbi non quam nec dui luctus rutrum. Nulla tellus.

In sagittis dui vel nisl. Duis ac nibh. Fusce lacus purus, aliquet at, feugiat non, pretium quis, lectus.

Suspendisse potenti. In eleifend quam a odio. In hac habitasse platea dictumst.', '2019-09-01 00:14:04', '2019-10-10 07:29:53', 0);
insert into POSTS (post_id, author, category_id, title, tags, description, created_at, updated_at, deleted) values (57, 'user7@lh.com', 5, 'ligula in lacus curabitur at ipsum ac tellus semper interdum mauris', 'sql,mongodb', 'Aenean lectus. Pellentesque eget nunc. Donec quis orci eget orci vehicula condimentum.

Curabitur in libero ut massa volutpat convallis. Morbi odio odio, elementum eu, interdum eu, tincidunt in, leo. Maecenas pulvinar lobortis est.', '2019-09-01 17:34:28', '2019-10-07 14:05:33', 0);
insert into POSTS (post_id, author, category_id, title, tags, description, created_at, updated_at, deleted) values (58, 'user8@lh.com', 4, 'orci luctus et ultrices posuere cubilia', 'javascript,javascript', 'Fusce posuere felis sed lacus. Morbi sem mauris, laoreet ut, rhoncus aliquet, pulvinar sed, nisl. Nunc rhoncus dui vel sem.

Sed sagittis. Nam congue, risus semper porta volutpat, quam pede lobortis ligula, sit amet eleifend pede libero quis orci. Nullam molestie nibh in lectus.

Pellentesque at nulla. Suspendisse potenti. Cras in purus eu magna vulputate luctus.

Cum sociis natoque penatibus et magnis dis parturient montes, nascetur ridiculus mus. Vivamus vestibulum sagittis sapien. Cum sociis natoque penatibus et magnis dis parturient montes, nascetur ridiculus mus.', '2019-09-17 21:54:40', '2019-10-16 05:53:41', 0);
insert into POSTS (post_id, author, category_id, title, tags, description, created_at, updated_at, deleted) values (59, 'user2@lh.com', 4, 'mattis pulvinar nulla pede ullamcorper augue a suscipit', 'mongodb,csis4280', 'Nullam sit amet turpis elementum ligula vehicula consequat. Morbi a ipsum. Integer a nibh.

In quis justo. Maecenas rhoncus aliquam lacus. Morbi quis tortor id nulla ultrices aliquet.', '2019-09-10 06:44:50', '2019-10-16 15:39:10', 0);
insert into POSTS (post_id, author, category_id, title, tags, description, created_at, updated_at, deleted) values (60, 'user9@lh.com', 5, 'convallis duis consequat dui nec nisi volutpat eleifend', 'csis1275,csis1175', 'Sed sagittis. Nam congue, risus semper porta volutpat, quam pede lobortis ligula, sit amet eleifend pede libero quis orci. Nullam molestie nibh in lectus.

Pellentesque at nulla. Suspendisse potenti. Cras in purus eu magna vulputate luctus.

Cum sociis natoque penatibus et magnis dis parturient montes, nascetur ridiculus mus. Vivamus vestibulum sagittis sapien. Cum sociis natoque penatibus et magnis dis parturient montes, nascetur ridiculus mus.

Etiam vel augue. Vestibulum rutrum rutrum neque. Aenean auctor gravida sem.

Praesent id massa id nisl venenatis lacinia. Aenean sit amet justo. Morbi ut odio.', '2019-09-14 18:45:54', '2019-10-07 19:27:46', 0);
insert into POSTS (post_id, author, category_id, title, tags, description, created_at, updated_at, deleted) values (61, 'user7@lh.com', 3, 'nisl nunc rhoncus dui vel sem sed sagittis nam congue', 'javascript,javascript', 'In sagittis dui vel nisl. Duis ac nibh. Fusce lacus purus, aliquet at, feugiat non, pretium quis, lectus.

Suspendisse potenti. In eleifend quam a odio. In hac habitasse platea dictumst.

Maecenas ut massa quis augue luctus tincidunt. Nulla mollis molestie lorem. Quisque ut erat.

Curabitur gravida nisi at nibh. In hac habitasse platea dictumst. Aliquam augue quam, sollicitudin vitae, consectetuer eget, rutrum at, lorem.

Integer tincidunt ante vel ipsum. Praesent blandit lacinia erat. Vestibulum sed magna at nunc commodo placerat.', '2019-09-21 13:39:59', '2019-10-08 10:37:46', 0);
insert into POSTS (post_id, author, category_id, title, tags, description, created_at, updated_at, deleted) values (62, 'user6@lh.com', 3, 'ipsum integer a nibh in quis justo', 'csis4280,html', 'Proin interdum mauris non ligula pellentesque ultrices. Phasellus id sapien in sapien iaculis congue. Vivamus metus arcu, adipiscing molestie, hendrerit at, vulputate vitae, nisl.

Aenean lectus. Pellentesque eget nunc. Donec quis orci eget orci vehicula condimentum.

Curabitur in libero ut massa volutpat convallis. Morbi odio odio, elementum eu, interdum eu, tincidunt in, leo. Maecenas pulvinar lobortis est.

Phasellus sit amet erat. Nulla tempus. Vivamus in felis eu sapien cursus vestibulum.

Proin eu mi. Nulla ac enim. In tempor, turpis nec euismod scelerisque, quam turpis adipiscing lorem, vitae mattis nibh ligula nec sem.', '2019-09-14 20:37:34', '2019-10-17 20:54:13', 0);
insert into POSTS (post_id, author, category_id, title, tags, description, created_at, updated_at, deleted) values (63, 'user5@lh.com', 5, 'duis ac nibh fusce lacus purus', 'csis1175,c#', 'Duis consequat dui nec nisi volutpat eleifend. Donec ut dolor. Morbi vel lectus in quam fringilla rhoncus.

Mauris enim leo, rhoncus sed, vestibulum sit amet, cursus id, turpis. Integer aliquet, massa id lobortis convallis, tortor risus dapibus augue, vel accumsan tellus nisi eu orci. Mauris lacinia sapien quis libero.

Nullam sit amet turpis elementum ligula vehicula consequat. Morbi a ipsum. Integer a nibh.

In quis justo. Maecenas rhoncus aliquam lacus. Morbi quis tortor id nulla ultrices aliquet.

Maecenas leo odio, condimentum id, luctus nec, molestie sed, justo. Pellentesque viverra pede ac diam. Cras pellentesque volutpat dui.', '2019-09-28 20:51:13', '2019-10-21 22:27:16', 0);
insert into POSTS (post_id, author, category_id, title, tags, description, created_at, updated_at, deleted) values (64, 'user4@lh.com', 1, 'diam cras pellentesque volutpat dui maecenas tristique est et tempus semper est', 'javascript,javascript', 'Cras non velit nec nisi vulputate nonummy. Maecenas tincidunt lacus at velit. Vivamus vel nulla eget eros elementum pellentesque.

Quisque porta volutpat erat. Quisque erat eros, viverra eget, congue eget, semper rutrum, nulla. Nunc purus.', '2019-09-28 12:59:57', '2019-10-11 20:44:46', 0);
insert into POSTS (post_id, author, category_id, title, tags, description, created_at, updated_at, deleted) values (65, 'user1@lh.com', 4, 'in eleifend quam a odio in hac habitasse platea dictumst maecenas', 'sql,mongodb', 'Aenean lectus. Pellentesque eget nunc. Donec quis orci eget orci vehicula condimentum.

Curabitur in libero ut massa volutpat convallis. Morbi odio odio, elementum eu, interdum eu, tincidunt in, leo. Maecenas pulvinar lobortis est.

Phasellus sit amet erat. Nulla tempus. Vivamus in felis eu sapien cursus vestibulum.

Proin eu mi. Nulla ac enim. In tempor, turpis nec euismod scelerisque, quam turpis adipiscing lorem, vitae mattis nibh ligula nec sem.

Duis aliquam convallis nunc. Proin at turpis a pede posuere nonummy. Integer non velit.', '2019-09-17 21:10:10', '2019-10-10 12:20:14', 0);
insert into POSTS (post_id, author, category_id, title, tags, description, created_at, updated_at, deleted) values (66, 'user10@lh.com', 4, 'aliquam non mauris morbi non lectus', 'csis4175,csis3175', 'Integer tincidunt ante vel ipsum. Praesent blandit lacinia erat. Vestibulum sed magna at nunc commodo placerat.

Praesent blandit. Nam nulla. Integer pede justo, lacinia eget, tincidunt eget, tempus vel, pede.

Morbi porttitor lorem id ligula. Suspendisse ornare consequat lectus. In est risus, auctor sed, tristique in, tempus sit amet, sem.', '2019-09-11 20:51:58', '2019-10-15 18:21:52', 0);
insert into POSTS (post_id, author, category_id, title, tags, description, created_at, updated_at, deleted) values (67, 'user5@lh.com', 5, 'pede malesuada in imperdiet et commodo vulputate', 'csis1175,c#', 'Nullam porttitor lacus at turpis. Donec posuere metus vitae ipsum. Aliquam non mauris.

Morbi non lectus. Aliquam sit amet diam in magna bibendum imperdiet. Nullam orci pede, venenatis non, sodales sed, tincidunt eu, felis.

Fusce posuere felis sed lacus. Morbi sem mauris, laoreet ut, rhoncus aliquet, pulvinar sed, nisl. Nunc rhoncus dui vel sem.', '2019-09-18 17:17:56', '2019-10-24 03:53:56', 0);
insert into POSTS (post_id, author, category_id, title, tags, description, created_at, updated_at, deleted) values (68, 'user9@lh.com', 2, 'augue quam sollicitudin vitae consectetuer eget', 'html,php', 'Etiam vel augue. Vestibulum rutrum rutrum neque. Aenean auctor gravida sem.

Praesent id massa id nisl venenatis lacinia. Aenean sit amet justo. Morbi ut odio.

Cras mi pede, malesuada in, imperdiet et, commodo vulputate, justo. In blandit ultrices enim. Lorem ipsum dolor sit amet, consectetuer adipiscing elit.', '2019-09-20 10:10:48', '2019-10-18 03:20:09', 0);
insert into POSTS (post_id, author, category_id, title, tags, description, created_at, updated_at, deleted) values (69, 'user2@lh.com', 1, 'tellus semper interdum mauris ullamcorper purus sit amet nulla', 'sql,mongodb', 'Nulla ut erat id mauris vulputate elementum. Nullam varius. Nulla facilisi.

Cras non velit nec nisi vulputate nonummy. Maecenas tincidunt lacus at velit. Vivamus vel nulla eget eros elementum pellentesque.

Quisque porta volutpat erat. Quisque erat eros, viverra eget, congue eget, semper rutrum, nulla. Nunc purus.

Phasellus in felis. Donec semper sapien a libero. Nam dui.', '2019-09-17 06:50:21', '2019-10-22 16:03:33', 0);
insert into POSTS (post_id, author, category_id, title, tags, description, created_at, updated_at, deleted) values (70, 'user5@lh.com', 2, 'auctor sed tristique in tempus sit', 'csis3380,javascript', 'In hac habitasse platea dictumst. Etiam faucibus cursus urna. Ut tellus.

Nulla ut erat id mauris vulputate elementum. Nullam varius. Nulla facilisi.', '2019-09-03 06:33:02', '2019-10-22 00:07:04', 0);
insert into POSTS (post_id, author, category_id, title, tags, description, created_at, updated_at, deleted) values (71, 'user8@lh.com', 2, 'enim blandit mi in porttitor pede justo eu massa', 'csis3175,css', 'Phasellus sit amet erat. Nulla tempus. Vivamus in felis eu sapien cursus vestibulum.

Proin eu mi. Nulla ac enim. In tempor, turpis nec euismod scelerisque, quam turpis adipiscing lorem, vitae mattis nibh ligula nec sem.

Duis aliquam convallis nunc. Proin at turpis a pede posuere nonummy. Integer non velit.

Donec diam neque, vestibulum eget, vulputate ut, ultrices vel, augue. Vestibulum ante ipsum primis in faucibus orci luctus et ultrices posuere cubilia Curae; Donec pharetra, magna vestibulum aliquet ultrices, erat tortor sollicitudin mi, sit amet lobortis sapien sapien non mi. Integer ac neque.

Duis bibendum. Morbi non quam nec dui luctus rutrum. Nulla tellus.', '2019-09-18 17:36:49', '2019-10-06 19:02:02', 0);
insert into POSTS (post_id, author, category_id, title, tags, description, created_at, updated_at, deleted) values (72, 'user5@lh.com', 1, 'ipsum ac tellus semper interdum mauris ullamcorper purus sit amet', 'javascript,javascript', 'Sed ante. Vivamus tortor. Duis mattis egestas metus.

Aenean fermentum. Donec ut mauris eget massa tempor convallis. Nulla neque libero, convallis eget, eleifend luctus, ultricies eu, nibh.

Quisque id justo sit amet sapien dignissim vestibulum. Vestibulum ante ipsum primis in faucibus orci luctus et ultrices posuere cubilia Curae; Nulla dapibus dolor vel est. Donec odio justo, sollicitudin ut, suscipit a, feugiat et, eros.

Vestibulum ac est lacinia nisi venenatis tristique. Fusce congue, diam id ornare imperdiet, sapien urna pretium nisl, ut volutpat sapien arcu sed augue. Aliquam erat volutpat.', '2019-09-27 15:56:19', '2019-10-10 22:36:48', 0);
insert into POSTS (post_id, author, category_id, title, tags, description, created_at, updated_at, deleted) values (73, 'user7@lh.com', 3, 'nisl duis ac nibh fusce lacus purus aliquet at feugiat non', 'css,csis4175', 'Morbi porttitor lorem id ligula. Suspendisse ornare consequat lectus. In est risus, auctor sed, tristique in, tempus sit amet, sem.

Fusce consequat. Nulla nisl. Nunc nisl.

Duis bibendum, felis sed interdum venenatis, turpis enim blandit mi, in porttitor pede justo eu massa. Donec dapibus. Duis at velit eu est congue elementum.

In hac habitasse platea dictumst. Morbi vestibulum, velit id pretium iaculis, diam erat fermentum justo, nec condimentum neque sapien placerat ante. Nulla justo.', '2019-09-07 03:51:52', '2019-10-06 07:46:26', 0);
insert into POSTS (post_id, author, category_id, title, tags, description, created_at, updated_at, deleted) values (74, 'user9@lh.com', 3, 'vivamus in felis eu sapien cursus vestibulum proin eu mi', 'csis4280,html', 'Proin leo odio, porttitor id, consequat in, consequat ut, nulla. Sed accumsan felis. Ut at dolor quis odio consequat varius.

Integer ac leo. Pellentesque ultrices mattis odio. Donec vitae nisi.

Nam ultrices, libero non mattis pulvinar, nulla pede ullamcorper augue, a suscipit nulla elit ac nulla. Sed vel enim sit amet nunc viverra dapibus. Nulla suscipit ligula in lacus.', '2019-09-14 13:47:49', '2019-10-02 04:56:02', 0);
insert into POSTS (post_id, author, category_id, title, tags, description, created_at, updated_at, deleted) values (75, 'user1@lh.com', 4, 'nulla ac enim in tempor turpis nec euismod scelerisque quam turpis', 'java,csis4175', 'Lorem ipsum dolor sit amet, consectetuer adipiscing elit. Proin risus. Praesent lectus.

Vestibulum quam sapien, varius ut, blandit non, interdum in, ante. Vestibulum ante ipsum primis in faucibus orci luctus et ultrices posuere cubilia Curae; Duis faucibus accumsan odio. Curabitur convallis.', '2019-09-26 09:23:55', '2019-10-03 16:29:26', 0);
insert into POSTS (post_id, author, category_id, title, tags, description, created_at, updated_at, deleted) values (76, 'user2@lh.com', 3, 'penatibus et magnis dis parturient montes nascetur ridiculus mus etiam', 'csis3175,css', 'Nullam porttitor lacus at turpis. Donec posuere metus vitae ipsum. Aliquam non mauris.

Morbi non lectus. Aliquam sit amet diam in magna bibendum imperdiet. Nullam orci pede, venenatis non, sodales sed, tincidunt eu, felis.

Fusce posuere felis sed lacus. Morbi sem mauris, laoreet ut, rhoncus aliquet, pulvinar sed, nisl. Nunc rhoncus dui vel sem.

Sed sagittis. Nam congue, risus semper porta volutpat, quam pede lobortis ligula, sit amet eleifend pede libero quis orci. Nullam molestie nibh in lectus.

Pellentesque at nulla. Suspendisse potenti. Cras in purus eu magna vulputate luctus.', '2019-09-09 03:59:38', '2019-10-16 05:42:17', 0);
insert into POSTS (post_id, author, category_id, title, tags, description, created_at, updated_at, deleted) values (77, 'user1@lh.com', 5, 'tincidunt ante vel ipsum praesent blandit lacinia erat', 'php,php', 'In hac habitasse platea dictumst. Etiam faucibus cursus urna. Ut tellus.

Nulla ut erat id mauris vulputate elementum. Nullam varius. Nulla facilisi.

Cras non velit nec nisi vulputate nonummy. Maecenas tincidunt lacus at velit. Vivamus vel nulla eget eros elementum pellentesque.', '2019-09-21 14:43:05', '2019-10-27 16:58:48', 0);
insert into POSTS (post_id, author, category_id, title, tags, description, created_at, updated_at, deleted) values (78, 'user2@lh.com', 2, 'semper est quam pharetra magna ac consequat metus sapien ut nunc vestibulum', 'mongodb,csis4280', 'Etiam vel augue. Vestibulum rutrum rutrum neque. Aenean auctor gravida sem.

Praesent id massa id nisl venenatis lacinia. Aenean sit amet justo. Morbi ut odio.

Cras mi pede, malesuada in, imperdiet et, commodo vulputate, justo. In blandit ultrices enim. Lorem ipsum dolor sit amet, consectetuer adipiscing elit.', '2019-09-22 08:43:10', '2019-10-12 09:58:04', 0);
insert into POSTS (post_id, author, category_id, title, tags, description, created_at, updated_at, deleted) values (79, 'user10@lh.com', 3, 'morbi porttitor lorem id ligula suspendisse ornare consequat lectus in', 'csis4280,html', 'Sed ante. Vivamus tortor. Duis mattis egestas metus.

Aenean fermentum. Donec ut mauris eget massa tempor convallis. Nulla neque libero, convallis eget, eleifend luctus, ultricies eu, nibh.

Quisque id justo sit amet sapien dignissim vestibulum. Vestibulum ante ipsum primis in faucibus orci luctus et ultrices posuere cubilia Curae; Nulla dapibus dolor vel est. Donec odio justo, sollicitudin ut, suscipit a, feugiat et, eros.

Vestibulum ac est lacinia nisi venenatis tristique. Fusce congue, diam id ornare imperdiet, sapien urna pretium nisl, ut volutpat sapien arcu sed augue. Aliquam erat volutpat.

In congue. Etiam justo. Etiam pretium iaculis justo.', '2019-09-06 13:03:08', '2019-10-28 21:21:44', 0);
insert into POSTS (post_id, author, category_id, title, tags, description, created_at, updated_at, deleted) values (80, 'user3@lh.com', 1, 'ante ipsum primis in faucibus orci luctus et ultrices', 'csis3380,javascript', 'Integer ac leo. Pellentesque ultrices mattis odio. Donec vitae nisi.

Nam ultrices, libero non mattis pulvinar, nulla pede ullamcorper augue, a suscipit nulla elit ac nulla. Sed vel enim sit amet nunc viverra dapibus. Nulla suscipit ligula in lacus.', '2019-09-15 02:38:50', '2019-10-25 01:27:25', 0);
insert into POSTS (post_id, author, category_id, title, tags, description, created_at, updated_at, deleted) values (81, 'user9@lh.com', 3, 'lorem ipsum dolor sit amet consectetuer', 'sql,mongodb', 'Phasellus sit amet erat. Nulla tempus. Vivamus in felis eu sapien cursus vestibulum.

Proin eu mi. Nulla ac enim. In tempor, turpis nec euismod scelerisque, quam turpis adipiscing lorem, vitae mattis nibh ligula nec sem.

Duis aliquam convallis nunc. Proin at turpis a pede posuere nonummy. Integer non velit.', '2019-09-01 06:11:09', '2019-10-20 09:49:03', 0);
insert into POSTS (post_id, author, category_id, title, tags, description, created_at, updated_at, deleted) values (82, 'user6@lh.com', 5, 'ut massa volutpat convallis morbi odio odio elementum eu interdum eu tincidunt', 'javascript,javascript', 'Curabitur gravida nisi at nibh. In hac habitasse platea dictumst. Aliquam augue quam, sollicitudin vitae, consectetuer eget, rutrum at, lorem.

Integer tincidunt ante vel ipsum. Praesent blandit lacinia erat. Vestibulum sed magna at nunc commodo placerat.

Praesent blandit. Nam nulla. Integer pede justo, lacinia eget, tincidunt eget, tempus vel, pede.

Morbi porttitor lorem id ligula. Suspendisse ornare consequat lectus. In est risus, auctor sed, tristique in, tempus sit amet, sem.

Fusce consequat. Nulla nisl. Nunc nisl.', '2019-09-14 07:57:14', '2019-10-25 02:52:22', 0);
insert into POSTS (post_id, author, category_id, title, tags, description, created_at, updated_at, deleted) values (83, 'user2@lh.com', 1, 'enim leo rhoncus sed vestibulum sit amet cursus id', 'csis1275,csis1175', 'Duis bibendum, felis sed interdum venenatis, turpis enim blandit mi, in porttitor pede justo eu massa. Donec dapibus. Duis at velit eu est congue elementum.

In hac habitasse platea dictumst. Morbi vestibulum, velit id pretium iaculis, diam erat fermentum justo, nec condimentum neque sapien placerat ante. Nulla justo.

Aliquam quis turpis eget elit sodales scelerisque. Mauris sit amet eros. Suspendisse accumsan tortor quis turpis.', '2019-09-19 02:54:43', '2019-10-15 08:50:11', 0);
insert into POSTS (post_id, author, category_id, title, tags, description, created_at, updated_at, deleted) values (84, 'user9@lh.com', 4, 'quisque porta volutpat erat quisque erat eros viverra eget congue', 'css,csis4175', 'Nulla ut erat id mauris vulputate elementum. Nullam varius. Nulla facilisi.

Cras non velit nec nisi vulputate nonummy. Maecenas tincidunt lacus at velit. Vivamus vel nulla eget eros elementum pellentesque.', '2019-09-15 21:30:30', '2019-10-14 16:02:29', 0);
insert into POSTS (post_id, author, category_id, title, tags, description, created_at, updated_at, deleted) values (85, 'user5@lh.com', 4, 'sit amet erat nulla tempus vivamus', 'php,php', 'Fusce consequat. Nulla nisl. Nunc nisl.

Duis bibendum, felis sed interdum venenatis, turpis enim blandit mi, in porttitor pede justo eu massa. Donec dapibus. Duis at velit eu est congue elementum.

In hac habitasse platea dictumst. Morbi vestibulum, velit id pretium iaculis, diam erat fermentum justo, nec condimentum neque sapien placerat ante. Nulla justo.

Aliquam quis turpis eget elit sodales scelerisque. Mauris sit amet eros. Suspendisse accumsan tortor quis turpis.', '2019-09-18 11:15:33', '2019-10-14 22:41:07', 0);
insert into POSTS (post_id, author, category_id, title, tags, description, created_at, updated_at, deleted) values (86, 'user8@lh.com', 4, 'habitasse platea dictumst morbi vestibulum velit id', 'csis1175,c#', 'In hac habitasse platea dictumst. Etiam faucibus cursus urna. Ut tellus.

Nulla ut erat id mauris vulputate elementum. Nullam varius. Nulla facilisi.', '2019-09-09 08:48:50', '2019-10-04 06:23:45', 0);
insert into POSTS (post_id, author, category_id, title, tags, description, created_at, updated_at, deleted) values (87, 'user6@lh.com', 2, 'nibh in hac habitasse platea dictumst aliquam augue quam', 'csis4175,csis3175', 'Curabitur gravida nisi at nibh. In hac habitasse platea dictumst. Aliquam augue quam, sollicitudin vitae, consectetuer eget, rutrum at, lorem.

Integer tincidunt ante vel ipsum. Praesent blandit lacinia erat. Vestibulum sed magna at nunc commodo placerat.

Praesent blandit. Nam nulla. Integer pede justo, lacinia eget, tincidunt eget, tempus vel, pede.

Morbi porttitor lorem id ligula. Suspendisse ornare consequat lectus. In est risus, auctor sed, tristique in, tempus sit amet, sem.

Fusce consequat. Nulla nisl. Nunc nisl.', '2019-09-14 06:08:38', '2019-10-10 00:48:13', 0);
insert into POSTS (post_id, author, category_id, title, tags, description, created_at, updated_at, deleted) values (88, 'user7@lh.com', 3, 'massa id lobortis convallis tortor risus dapibus augue', 'csis3175,css', 'Aenean fermentum. Donec ut mauris eget massa tempor convallis. Nulla neque libero, convallis eget, eleifend luctus, ultricies eu, nibh.

Quisque id justo sit amet sapien dignissim vestibulum. Vestibulum ante ipsum primis in faucibus orci luctus et ultrices posuere cubilia Curae; Nulla dapibus dolor vel est. Donec odio justo, sollicitudin ut, suscipit a, feugiat et, eros.

Vestibulum ac est lacinia nisi venenatis tristique. Fusce congue, diam id ornare imperdiet, sapien urna pretium nisl, ut volutpat sapien arcu sed augue. Aliquam erat volutpat.', '2019-09-16 04:24:11', '2019-10-14 18:44:55', 0);
insert into POSTS (post_id, author, category_id, title, tags, description, created_at, updated_at, deleted) values (89, 'user9@lh.com', 2, 'habitasse platea dictumst maecenas ut massa quis augue', 'css,csis4175', 'Duis aliquam convallis nunc. Proin at turpis a pede posuere nonummy. Integer non velit.

Donec diam neque, vestibulum eget, vulputate ut, ultrices vel, augue. Vestibulum ante ipsum primis in faucibus orci luctus et ultrices posuere cubilia Curae; Donec pharetra, magna vestibulum aliquet ultrices, erat tortor sollicitudin mi, sit amet lobortis sapien sapien non mi. Integer ac neque.

Duis bibendum. Morbi non quam nec dui luctus rutrum. Nulla tellus.', '2019-09-02 14:29:43', '2019-10-25 21:19:25', 0);
insert into POSTS (post_id, author, category_id, title, tags, description, created_at, updated_at, deleted) values (90, 'user2@lh.com', 5, 'aenean auctor gravida sem praesent id massa id', 'csis4175,csis3175', 'Quisque id justo sit amet sapien dignissim vestibulum. Vestibulum ante ipsum primis in faucibus orci luctus et ultrices posuere cubilia Curae; Nulla dapibus dolor vel est. Donec odio justo, sollicitudin ut, suscipit a, feugiat et, eros.

Vestibulum ac est lacinia nisi venenatis tristique. Fusce congue, diam id ornare imperdiet, sapien urna pretium nisl, ut volutpat sapien arcu sed augue. Aliquam erat volutpat.

In congue. Etiam justo. Etiam pretium iaculis justo.

In hac habitasse platea dictumst. Etiam faucibus cursus urna. Ut tellus.

Nulla ut erat id mauris vulputate elementum. Nullam varius. Nulla facilisi.', '2019-09-21 14:49:07', '2019-10-05 14:25:57', 0);
insert into POSTS (post_id, author, category_id, title, tags, description, created_at, updated_at, deleted) values (91, 'user7@lh.com', 5, 'dapibus augue vel accumsan tellus nisi eu', 'csis4175,csis3175', 'Sed sagittis. Nam congue, risus semper porta volutpat, quam pede lobortis ligula, sit amet eleifend pede libero quis orci. Nullam molestie nibh in lectus.

Pellentesque at nulla. Suspendisse potenti. Cras in purus eu magna vulputate luctus.

Cum sociis natoque penatibus et magnis dis parturient montes, nascetur ridiculus mus. Vivamus vestibulum sagittis sapien. Cum sociis natoque penatibus et magnis dis parturient montes, nascetur ridiculus mus.', '2019-09-13 16:33:30', '2019-10-12 00:08:28', 0);
insert into POSTS (post_id, author, category_id, title, tags, description, created_at, updated_at, deleted) values (92, 'user10@lh.com', 3, 'hendrerit at vulputate vitae nisl aenean lectus pellentesque eget nunc donec', 'html,php', 'In quis justo. Maecenas rhoncus aliquam lacus. Morbi quis tortor id nulla ultrices aliquet.

Maecenas leo odio, condimentum id, luctus nec, molestie sed, justo. Pellentesque viverra pede ac diam. Cras pellentesque volutpat dui.

Maecenas tristique, est et tempus semper, est quam pharetra magna, ac consequat metus sapien ut nunc. Vestibulum ante ipsum primis in faucibus orci luctus et ultrices posuere cubilia Curae; Mauris viverra diam vitae quam. Suspendisse potenti.

Nullam porttitor lacus at turpis. Donec posuere metus vitae ipsum. Aliquam non mauris.', '2019-09-13 18:37:18', '2019-10-13 15:38:13', 0);
insert into POSTS (post_id, author, category_id, title, tags, description, created_at, updated_at, deleted) values (93, 'user8@lh.com', 4, 'sapien iaculis congue vivamus metus arcu adipiscing molestie hendrerit', 'javascript,javascript', 'Cum sociis natoque penatibus et magnis dis parturient montes, nascetur ridiculus mus. Vivamus vestibulum sagittis sapien. Cum sociis natoque penatibus et magnis dis parturient montes, nascetur ridiculus mus.

Etiam vel augue. Vestibulum rutrum rutrum neque. Aenean auctor gravida sem.', '2019-09-14 00:12:59', '2019-10-09 06:11:40', 0);
insert into POSTS (post_id, author, category_id, title, tags, description, created_at, updated_at, deleted) values (94, 'user10@lh.com', 1, 'donec diam neque vestibulum eget vulputate ut ultrices vel augue vestibulum ante', 'css,csis4175', 'Donec diam neque, vestibulum eget, vulputate ut, ultrices vel, augue. Vestibulum ante ipsum primis in faucibus orci luctus et ultrices posuere cubilia Curae; Donec pharetra, magna vestibulum aliquet ultrices, erat tortor sollicitudin mi, sit amet lobortis sapien sapien non mi. Integer ac neque.

Duis bibendum. Morbi non quam nec dui luctus rutrum. Nulla tellus.', '2019-09-17 10:08:54', '2019-10-18 01:15:37', 0);
insert into POSTS (post_id, author, category_id, title, tags, description, created_at, updated_at, deleted) values (95, 'user5@lh.com', 1, 'ornare imperdiet sapien urna pretium nisl', 'csis1275,csis1175', 'Aenean fermentum. Donec ut mauris eget massa tempor convallis. Nulla neque libero, convallis eget, eleifend luctus, ultricies eu, nibh.

Quisque id justo sit amet sapien dignissim vestibulum. Vestibulum ante ipsum primis in faucibus orci luctus et ultrices posuere cubilia Curae; Nulla dapibus dolor vel est. Donec odio justo, sollicitudin ut, suscipit a, feugiat et, eros.

Vestibulum ac est lacinia nisi venenatis tristique. Fusce congue, diam id ornare imperdiet, sapien urna pretium nisl, ut volutpat sapien arcu sed augue. Aliquam erat volutpat.

In congue. Etiam justo. Etiam pretium iaculis justo.

In hac habitasse platea dictumst. Etiam faucibus cursus urna. Ut tellus.', '2019-09-25 09:35:37', '2019-10-12 03:19:45', 0);
insert into POSTS (post_id, author, category_id, title, tags, description, created_at, updated_at, deleted) values (96, 'user9@lh.com', 4, 'ultrices libero non mattis pulvinar nulla', 'csis4175,csis3175', 'Maecenas tristique, est et tempus semper, est quam pharetra magna, ac consequat metus sapien ut nunc. Vestibulum ante ipsum primis in faucibus orci luctus et ultrices posuere cubilia Curae; Mauris viverra diam vitae quam. Suspendisse potenti.

Nullam porttitor lacus at turpis. Donec posuere metus vitae ipsum. Aliquam non mauris.

Morbi non lectus. Aliquam sit amet diam in magna bibendum imperdiet. Nullam orci pede, venenatis non, sodales sed, tincidunt eu, felis.

Fusce posuere felis sed lacus. Morbi sem mauris, laoreet ut, rhoncus aliquet, pulvinar sed, nisl. Nunc rhoncus dui vel sem.

Sed sagittis. Nam congue, risus semper porta volutpat, quam pede lobortis ligula, sit amet eleifend pede libero quis orci. Nullam molestie nibh in lectus.', '2019-09-14 13:18:21', '2019-10-21 07:42:35', 0);
insert into POSTS (post_id, author, category_id, title, tags, description, created_at, updated_at, deleted) values (97, 'user6@lh.com', 2, 'etiam faucibus cursus urna ut tellus', 'php,php', 'Nulla ut erat id mauris vulputate elementum. Nullam varius. Nulla facilisi.

Cras non velit nec nisi vulputate nonummy. Maecenas tincidunt lacus at velit. Vivamus vel nulla eget eros elementum pellentesque.', '2019-09-18 16:56:14', '2019-10-02 06:07:56', 0);
insert into POSTS (post_id, author, category_id, title, tags, description, created_at, updated_at, deleted) values (98, 'user7@lh.com', 4, 'ante ipsum primis in faucibus orci luctus', 'css,csis4175', 'Sed sagittis. Nam congue, risus semper porta volutpat, quam pede lobortis ligula, sit amet eleifend pede libero quis orci. Nullam molestie nibh in lectus.

Pellentesque at nulla. Suspendisse potenti. Cras in purus eu magna vulputate luctus.

Cum sociis natoque penatibus et magnis dis parturient montes, nascetur ridiculus mus. Vivamus vestibulum sagittis sapien. Cum sociis natoque penatibus et magnis dis parturient montes, nascetur ridiculus mus.

Etiam vel augue. Vestibulum rutrum rutrum neque. Aenean auctor gravida sem.', '2019-09-25 19:40:15', '2019-10-05 16:43:04', 0);
insert into POSTS (post_id, author, category_id, title, tags, description, created_at, updated_at, deleted) values (99, 'user5@lh.com', 5, 'platea dictumst maecenas ut massa quis', 'java,csis4175', 'Cum sociis natoque penatibus et magnis dis parturient montes, nascetur ridiculus mus. Vivamus vestibulum sagittis sapien. Cum sociis natoque penatibus et magnis dis parturient montes, nascetur ridiculus mus.

Etiam vel augue. Vestibulum rutrum rutrum neque. Aenean auctor gravida sem.

Praesent id massa id nisl venenatis lacinia. Aenean sit amet justo. Morbi ut odio.

Cras mi pede, malesuada in, imperdiet et, commodo vulputate, justo. In blandit ultrices enim. Lorem ipsum dolor sit amet, consectetuer adipiscing elit.

Proin interdum mauris non ligula pellentesque ultrices. Phasellus id sapien in sapien iaculis congue. Vivamus metus arcu, adipiscing molestie, hendrerit at, vulputate vitae, nisl.', '2019-09-10 00:12:14', '2019-10-24 14:57:54', 0);
insert into POSTS (post_id, author, category_id, title, tags, description, created_at, updated_at, deleted) values (100, 'user9@lh.com', 1, 'in hac habitasse platea dictumst maecenas ut massa quis augue luctus', 'c#,javascript', 'Mauris enim leo, rhoncus sed, vestibulum sit amet, cursus id, turpis. Integer aliquet, massa id lobortis convallis, tortor risus dapibus augue, vel accumsan tellus nisi eu orci. Mauris lacinia sapien quis libero.

Nullam sit amet turpis elementum ligula vehicula consequat. Morbi a ipsum. Integer a nibh.

In quis justo. Maecenas rhoncus aliquam lacus. Morbi quis tortor id nulla ultrices aliquet.

Maecenas leo odio, condimentum id, luctus nec, molestie sed, justo. Pellentesque viverra pede ac diam. Cras pellentesque volutpat dui.', '2019-09-08 11:55:40', '2019-10-01 06:38:15', 0);
*/
